storage_id,parameter,value,__key_bytes,__last_updated_block_number
37571759834920106846889320744938361056945792653830991616305109411992263547535,1,\x0001,\x5310dccab7e69f3d1d80f8c391d1837123dd4b6aab4a2be1e821f6aa632d5a8f0000000000000000000000000000000000000000000000000000000000000001,8462468
110795570193226698519039789404439884568019923225258017968850403717392074594296,1,\x0003,\xf4f412084bde8353ac225e82ec5c23ab4bbc6e53e0a5785313af9ad19848d7f80000000000000000000000000000000000000000000000000000000000000001,8072339
69445864215208864220301631692606391848492548518297654266816698240964260285649,1,\x0000,\x9988f75ade5a16c90a4f2f6b938802308fe902c72631c94965cc6093f95c4cd10000000000000000000000000000000000000000000000000000000000000001,8071476
34437386641007325305328895657550274658817870571039430575141299168835049286708,1,\x0000,\x4c22debf6c9bc8ff1e79a45c48d5b52ddfc4d7315fd91635c94459cf2e6eec340000000000000000000000000000000000000000000000000000000000000001,8071463
89308209303520160060300405196498737318015877185239930543519686145523018560214,1,\x0000,\xc572a7b88e123af9b61752763a4c6b99c8d93583013420800671133d0edaf2d60000000000000000000000000000000000000000000000000000000000000001,8071453
21957096662791676153598511132646650892588188371503061850548136703256830012084,1,\x0000,\x308b46bbedbc18fcd5fff79aab4b5106a025c34942f4533e05799750bd4deab40000000000000000000000000000000000000000000000000000000000000001,8071421
83741588685391552034021386190189563271142314597917174033462137918525527527463,1,\x0001,\xb9240f3e33b00ef7a73240531b63735ac0477e109efe5d9092fd947e911b90270000000000000000000000000000000000000000000000000000000000000001,7931556
17034984175426887322875272956630746267919636614336175796190197663274434051256,1,\x0001,\x25a97598cdb64e50eaaeacfc91a934ac8ff27c290934184d34c2bf48ee803cb80000000000000000000000000000000000000000000000000000000000000001,7844449
4190929829061399603411310476844800233669479166123158838444690109708316068149,1,\x0001,\x0943fb72fd93fb46ed124e0a2b23b726be050a719aea533ecf619544fb6a49350000000000000000000000000000000000000000000000000000000000000001,7481499
19689762588709743696139355504112242277831502768409187462156014792827783739986,1,\x0001,\x2b8802bcff052bd9d2d4496ef0f3c9f324a65596d5b9cbc544e9cb40a5f5fa520000000000000000000000000000000000000000000000000000000000000001,7374501
