target,configured,target_system_id,target_function_id,access_system_id,access_function_id,enforcement,__key_bytes,__last_updated_block_number
\x0ffc1856a21062f38d504df442f858712108707fd541c3881c4224f23c7caadf,t,\x737965766566726f6e746965720000004675656c53797374656d000000000000,\xb25f99bf,\x737965766566726f6e7469657200000041636365737353797374656d00000000,\x31098e24,t,\x0ffc1856a21062f38d504df442f858712108707fd541c3881c4224f23c7caadf,7288472
\x849838c8b5987b217adc3018920c704097ba22ad88919e1d7b41b733706822a5,t,\x737965766566726f6e746965720000004675656c53797374656d000000000000,\x05f9277b,\x737965766566726f6e7469657200000041636365737353797374656d00000000,\x31098e24,t,\x849838c8b5987b217adc3018920c704097ba22ad88919e1d7b41b733706822a5,7288472
\x38ac99945d2dc0b22a4da62f1a55c623cd1c993419dc6bf481cba30fb1671c9f,t,\x737965766566726f6e746965720000004675656c53797374656d000000000000,\xc3504c22,\x737965766566726f6e7469657200000041636365737353797374656d00000000,\x31098e24,t,\x38ac99945d2dc0b22a4da62f1a55c623cd1c993419dc6bf481cba30fb1671c9f,7288472
\x47d50d212fc259f5c68a0860c30a050c717991763d79422f2137a908e4e9aadb,t,\x737965766566726f6e74696572000000456e746974795265636f726453797374,\xfe55932a,\x737965766566726f6e7469657200000041636365737353797374656d00000000,\xcc8636d8,t,\x47d50d212fc259f5c68a0860c30a050c717991763d79422f2137a908e4e9aadb,7288472
\xccd07c9cc3a5bbbfdcc3b0c2f227e08dda0b6890313f244d3fbf03b5956e0618,t,\x737965766566726f6e746965720000004675656c53797374656d000000000000,\x265f0d9a,\x737965766566726f6e7469657200000041636365737353797374656d00000000,\x31098e24,t,\xccd07c9cc3a5bbbfdcc3b0c2f227e08dda0b6890313f244d3fbf03b5956e0618,7288472
\xd2105c7637bc4916b218e6721801b2d31fac38d1bca559a6d9ce2f1ad56bdbcc,t,\x737965766566726f6e74696572000000456e746974795265636f726453797374,\xb4b891f7,\x737965766566726f6e7469657200000041636365737353797374656d00000000,\xa58a5393,t,\xd2105c7637bc4916b218e6721801b2d31fac38d1bca559a6d9ce2f1ad56bdbcc,7288472
\x8257b1294d843ac6d2b986a5a4f24378b4d0df5055e49eb24f3e4e537e2f2d3e,t,\x737965766566726f6e74696572000000456e746974795265636f726453797374,\x2a6446ca,\x737965766566726f6e7469657200000041636365737353797374656d00000000,\xd2df45d4,t,\x8257b1294d843ac6d2b986a5a4f24378b4d0df5055e49eb24f3e4e537e2f2d3e,7288472
\x18afec92676143b35c8d1e86f56c7fd3679d0f290678cadef4e5415e873f63e4,t,\x737965766566726f6e74696572000000456e746974795265636f726453797374,\x63b6b498,\x737965766566726f6e7469657200000041636365737353797374656d00000000,\xd2df45d4,t,\x18afec92676143b35c8d1e86f56c7fd3679d0f290678cadef4e5415e873f63e4,7288472
\x227dcb021677e7b24b8f4b1ff8338cbda5bcf7b23f0087f2418572f78bac3b09,t,\x737965766566726f6e74696572000000456e746974795265636f726453797374,\x21823a2a,\x737965766566726f6e7469657200000041636365737353797374656d00000000,\xcc8636d8,t,\x227dcb021677e7b24b8f4b1ff8338cbda5bcf7b23f0087f2418572f78bac3b09,7288472
\xd8253d42301405b0cb136f783ba394740d2f88ffceb968d47a4288751a1660c0,t,\x737965766566726f6e746965720000004675656c53797374656d000000000000,\x46d647ab,\x737965766566726f6e7469657200000041636365737353797374656d00000000,\x31098e24,t,\xd8253d42301405b0cb136f783ba394740d2f88ffceb968d47a4288751a1660c0,7288472
