smart_object_id,system_id,__key_bytes,__last_updated_block_number
103176310856208880578820279017099834426775169689111682739241873912736309062179,\x737962696f646f6e0000000000000000536d6172745475727265745379737465,\xe41bb8f454b41fdc7b99104440cd3eb5a9f092b5bd70b86959827f4ae3682a23,8398687
10760787979201691297955548053716148996238642758572152867582560104936494801644,\x7379575f576869746554310000000000536d6172745475727265745379737465,\x17ca63e1964470a779ea7d9b47054101ed4b24ec3d8753f25baa78c3ddef22ec,7905553
83609747592184696485705644352703437551680665698433463913112677326686390700392,\x0000000000000000000000000000000000000000000000000000000000000000,\xb8d970ac43778d47f9ec30dd12749a9b0e93f9636233d4f1780200c7a695c968,7900296
85753375281258621942324258638096743029236961486909764637357576407687790527223,\x7379416c676f5475727265747300000053797374656d00000000000000000000,\xbd96b0be5ac146696c82b89dbf7fce58964f15dbf765f912bce981901b2302f7,7875071
71259817018844011208966310623148422809221135901046528311829784950725785090559,\x7379416c676f5475727265747300000053797374656d00000000000000000000,\x9d8ba08bd4e15fe942aee755311a10d33e31fe90121d5751f96c87c43bcef9ff,7875062
14578740738599317700423888270647490620009177587985676977121847896806815266841,\x7379416c676f5475727265747300000053797374656d00000000000000000000,\x203b465c2b3cf1ee9210368f6bdaf0cd3342135e4d4e3337a27fc628934d7819,7875051
49638672706449790674824042416600041321232262867532366131569009897814277954074,\x73794b616c6970617475000000000000536d6172745475727265745379737465,\x6dbe7e3d25b11f84095ec88b7271affc20b8a571229cea5f36fbb3737f3b1a1a,7803444
43733602543574111719149710836010012881089862308400511434279513046527517466091,\x73794b616c6970617475000000000000536d6172745475727265745379737465,\x60b0578376a41a74d604fab48e4c7536ad5abc0722b45fa163ce8e67f2291deb,7803267
93397669143804876777813219802305409064982406165667882474325712261440482607975,\x73797465657a00000000000000000000536d6172745475727265745379737465,\xce7d35187b0f0ca26ff284d54d33e0fa835838a797ff2f77bd77b70fc3608367,7660886
47989501222773302075915170046480823484501463924896345981968400541679263691892,\x73794b616c6970617475000000000000536d6172745475727265745379737465,\x6a19185b0a110c036f03e0e99bebec893b2fbdb8d6ae19b077c5f36704803474,7594366
