smart_object_id,name,dapp_url,description,__key_bytes,__last_updated_block_number
42339343805424599576187258380517108265822888928394258806793676921861674963791,WinterThaw,"","",\x5d9b3828976cbd58047b459cfd6fdc456fde8235cbb0106871f2b1468459134f,8587732
919073925525506885900096480620847905123149841023743475046138757677023011973,CHURCH OF BLOOD,"",Hanger of Security Ships of the Chapel of Blood in Q:SEN2 and the Shrine of the Goddess Diana,\x02082d6a9330583fd46075dbbddfeb5260c184e1780bf0d641582b80c6a8a485,8587373
2636065798064301849844129435315292137682442840905722955917068471777390912989,Shipyard M I,"","",\x05d3f5dab7ccc95d3855c7636ea635bf814154de0eda8319e84315ea529a65dd,8586934
109266076102000249017014865414103565628831953876218211382250744224299559331733,djmax,"","",\xf192684f63e39d85124060fd4804e33883814e87449a6064a90bf9389ddaa795,8586910
3196408640128593753194797515058271191132598241403110567649584845310052928515,noxium,"","",\x07111a69e179177f126bd9c17f2f7467d456b7e7f9aab16222f6930811260c03,8585989
107156511554676907856683758319452628045482146499654992266694425989190537303580,Taco Corp,"","",\xece86fad72ba2bf7e2e95a46115f0d3148d034dad10e1ee7f96125e1d779d61c,8585891
20428010655239622266314837648130039079907442187119937772893485575889023615214,Kremsoda,"","",\x2d29d823afee4c248fd49485faf356e54c8648877fa418dbd86c58b7ec1340ee,8585824
32728389127841633101050217008245326837975547712818690037312397477868309001072,Refinery M I,"","",\x485b9c9e8d0238f8940a50172bcbdc44927493316411d0b8fca453fa5ba33370,8585446
18806769971085633883083367913683257858379107075378039014350591263019453253297,CatTastrophe,"","",\x2994412c835d5c315e1cfa1856eac551f088b82a0020c9aedac75da741ce06b1,8584504
32394475065217871074364610531909731143065848565845800766939582436409403508940,Smart 2,"","",\x479e9f859a1a55a8acea8789b52f4298dc89e30bcf10232771618d2b5d4c08cc,8583955
