system_id,function_id,caller,has_access,__key_bytes,__last_updated_block_number
\x737965766566726f6e74696572000000496e76656e746f727953797374656d00,\x1931d4e5,\x7625ea2fc857e00ef0be62655f94638b59545b73,t,\x737965766566726f6e74696572000000496e76656e746f727953797374656d001931d4e5000000000000000000000000000000000000000000000000000000000000000000000000000000007625ea2fc857e00ef0be62655f94638b59545b73,7288472
\x737965766566726f6e74696572000000496e76656e746f727953797374656d00,\xec92b5a5,\x7625ea2fc857e00ef0be62655f94638b59545b73,t,\x737965766566726f6e74696572000000496e76656e746f727953797374656d00ec92b5a5000000000000000000000000000000000000000000000000000000000000000000000000000000007625ea2fc857e00ef0be62655f94638b59545b73,7288472
\x737965766566726f6e74696572000000456e746974795265636f726453797374,\xb4b891f7,\x416cb2a1aa087f2be7f4b201c0f8bb5abbb3d1a7,t,\x737965766566726f6e74696572000000456e746974795265636f726453797374b4b891f700000000000000000000000000000000000000000000000000000000000000000000000000000000416cb2a1aa087f2be7f4b201c0f8bb5abbb3d1a7,7288472
\x737965766566726f6e74696572000000496e76656e746f727953797374656d00,\x1931d4e5,\xbb3c7275140b919b3f8b3eff8c6ae43e8a420cf5,t,\x737965766566726f6e74696572000000496e76656e746f727953797374656d001931d4e500000000000000000000000000000000000000000000000000000000000000000000000000000000bb3c7275140b919b3f8b3eff8c6ae43e8a420cf5,7288472
\x737965766566726f6e74696572000000456e746974795265636f726453797374,\xb4b891f7,\x13693d700d65759b36a5e398e35a263365a0208e,t,\x737965766566726f6e74696572000000456e746974795265636f726453797374b4b891f70000000000000000000000000000000000000000000000000000000000000000000000000000000013693d700d65759b36a5e398e35a263365a0208e,7288472
\x737965766566726f6e74696572000000496e76656e746f727953797374656d00,\xec92b5a5,\xbb3c7275140b919b3f8b3eff8c6ae43e8a420cf5,t,\x737965766566726f6e74696572000000496e76656e746f727953797374656d00ec92b5a500000000000000000000000000000000000000000000000000000000000000000000000000000000bb3c7275140b919b3f8b3eff8c6ae43e8a420cf5,7288472
\x737965766566726f6e74696572000000456e746974795265636f726453797374,\xb4b891f7,\x716d5598ffe68f03761ee3250672e08bf34be31d,t,\x737965766566726f6e74696572000000456e746974795265636f726453797374b4b891f700000000000000000000000000000000000000000000000000000000000000000000000000000000716d5598ffe68f03761ee3250672e08bf34be31d,7288472
\x737965766566726f6e74696572000000456e746974795265636f726453797374,\xb4b891f7,\xcce3793199723d56ac5785468e30f7c11e0eb5a8,t,\x737965766566726f6e74696572000000456e746974795265636f726453797374b4b891f700000000000000000000000000000000000000000000000000000000000000000000000000000000cce3793199723d56ac5785468e30f7c11e0eb5a8,7288472
\x737965766566726f6e74696572000000456e746974795265636f726453797374,\xb4b891f7,\xc2d34a1f135bf9075bde1c5a274c2f0b059993fc,t,\x737965766566726f6e74696572000000456e746974795265636f726453797374b4b891f700000000000000000000000000000000000000000000000000000000000000000000000000000000c2d34a1f135bf9075bde1c5a274c2f0b059993fc,7288472
\x737965766566726f6e74696572000000457068656d6572616c496e76656e746f,\xf3688464,\xbb3c7275140b919b3f8b3eff8c6ae43e8a420cf5,t,\x737965766566726f6e74696572000000457068656d6572616c496e76656e746ff368846400000000000000000000000000000000000000000000000000000000000000000000000000000000bb3c7275140b919b3f8b3eff8c6ae43e8a420cf5,7288472
