smart_object_id,exists,tribe_id,created_at,__key_bytes,__last_updated_block_number
42339343805424599576187258380517108265822888928394258806793676921861674963791,t,1000167,1758302336,\x5d9b3828976cbd58047b459cfd6fdc456fde8235cbb0106871f2b1468459134f,8587732
109266076102000249017014865414103565628831953876218211382250744224299559331733,t,1000167,1758300692,\xf192684f63e39d85124060fd4804e33883814e87449a6064a90bf9389ddaa795,8586910
3196408640128593753194797515058271191132598241403110567649584845310052928515,t,1000167,1758298850,\x07111a69e179177f126bd9c17f2f7467d456b7e7f9aab16222f6930811260c03,8585989
18806769971085633883083367913683257858379107075378039014350591263019453253297,t,1000167,1758295880,\x2994412c835d5c315e1cfa1856eac551f088b82a0020c9aedac75da741ce06b1,8584504
81382451646088691702481950929837118987770144467483691014560563964340858206776,t,1000167,1758290760,\xb3ecd5d60974cae90d28aa678cdc38d8ddae2f20367d19705def3a4add573a38,8581944
17618204749219841414751278557700878812354099440706073566464746855243891205901,t,98000066,1757151284,\x26f38cee32e24fc9794caa48df79d60936761f80941f237c305eb7537ac5e70d,8581801
85564404823313794150511928537504656919028805263475495933752208406501006293859,t,1000167,1758290376,\xbd2bbca681648270bca2314f2d99d0beb2de409c1f0af08c938e78525f3cbb63,8581752
112062975939407887944320277687046640837350566402719335004999534247532190964177,t,1000167,1758290152,\xf7c1658c3019118abff4a0f67e7064a0461e1125b40ce2b5dfedf5d0431b19d1,8581640
77305465110715115810255672205218457133821336311208857086715314283871053363775,t,1000167,1758289304,\xaae957bab444123a57ff675466820eb167669a04e354267a55b0484183d13a3f,8581216
104920137478766796412247908437903847520338592519289010247845941591838052474403,t,1000167,1758288504,\xe7f6b180ac0fd2597f88bafa1ec495136c1a4968e71397f31d5903e4f9fa5e23,8580816
