table_id,field_layout,key_schema,value_schema,abi_encoded_key_names,abi_encoded_field_names,__key_bytes,__last_updated_block_number
\x74624b616c697061747500000000000047617465416363436861720000000000,\x0041030001202000000000000000000000000000000000000000000000000000,\x002001001f000000000000000000000000000000000000000000000000000000,\x00410300601f1f00000000000000000000000000000000000000000000000000,\x000000000000000000000000000000000000000000000000000000000000002000000000000000000000000000000000000000000000000000000000000000010000000000000000000000000000000000000000000000000000000000000020000000000000000000000000000000000000000000000000000000000000000b6368617261637465724964000000000000000000000000000000000000000000,\x00000000000000000000000000000000000000000000000000000000000000200000000000000000000000000000000000000000000000000000000000000003000000000000000000000000000000000000000000000000000000000000006000000000000000000000000000000000000000000000000000000000000000a000000000000000000000000000000000000000000000000000000000000000e000000000000000000000000000000000000000000000000000000000000000096861734163636573730000000000000000000000000000000000000000000000000000000000000000000000000000000000000000000000000000000000000e54696d655374616d705374617274000000000000000000000000000000000000000000000000000000000000000000000000000000000000000000000000000c54696d655374616d70456e640000000000000000000000000000000000000000,\x74624b616c697061747500000000000047617465416363436861720000000000,8579785
\x746262696f646f6e0000000000000000526174696f436f6e6669670000000000,\x0030030020080800000000000000000000000000000000000000000000000000,\x004002001f1f0000000000000000000000000000000000000000000000000000,\x003003001f070700000000000000000000000000000000000000000000000000,\x0000000000000000000000000000000000000000000000000000000000000020000000000000000000000000000000000000000000000000000000000000000200000000000000000000000000000000000000000000000000000000000000400000000000000000000000000000000000000000000000000000000000000080000000000000000000000000000000000000000000000000000000000000000d736d6172744f626a65637449640000000000000000000000000000000000000000000000000000000000000000000000000000000000000000000000000000066974656d496e0000000000000000000000000000000000000000000000000000,\x00000000000000000000000000000000000000000000000000000000000000200000000000000000000000000000000000000000000000000000000000000003000000000000000000000000000000000000000000000000000000000000006000000000000000000000000000000000000000000000000000000000000000a000000000000000000000000000000000000000000000000000000000000000e000000000000000000000000000000000000000000000000000000000000000076974656d4f7574000000000000000000000000000000000000000000000000000000000000000000000000000000000000000000000000000000000000000007726174696f496e000000000000000000000000000000000000000000000000000000000000000000000000000000000000000000000000000000000000000008726174696f4f7574000000000000000000000000000000000000000000000000,\x746262696f646f6e0000000000000000526174696f436f6e6669670000000000,8460761
\x746262696f646f6e0000000000000000547572726574416c6c6f776c69737400,\x0020010020000000000000000000000000000000000000000000000000000000,\x0000000000000000000000000000000000000000000000000000000000000000,\x002001001f000000000000000000000000000000000000000000000000000000,\x00000000000000000000000000000000000000000000000000000000000000200000000000000000000000000000000000000000000000000000000000000000,\x0000000000000000000000000000000000000000000000000000000000000020000000000000000000000000000000000000000000000000000000000000000100000000000000000000000000000000000000000000000000000000000000200000000000000000000000000000000000000000000000000000000000000006636f727049440000000000000000000000000000000000000000000000000000,\x746262696f646f6e0000000000000000547572726574416c6c6f776c69737400,8397433
\x746262696f5f646f6e00000000000000547572726574416c6c6f776c69737400,\x0020010020000000000000000000000000000000000000000000000000000000,\x0000000000000000000000000000000000000000000000000000000000000000,\x002001001f000000000000000000000000000000000000000000000000000000,\x00000000000000000000000000000000000000000000000000000000000000200000000000000000000000000000000000000000000000000000000000000000,\x0000000000000000000000000000000000000000000000000000000000000020000000000000000000000000000000000000000000000000000000000000000100000000000000000000000000000000000000000000000000000000000000200000000000000000000000000000000000000000000000000000000000000006636f727049440000000000000000000000000000000000000000000000000000,\x746262696f5f646f6e00000000000000547572726574416c6c6f776c69737400,8396910
\x74624554435032494e5300000000000047617465416363657373000000000000,\x0020010020000000000000000000000000000000000000000000000000000000,\x002001001f000000000000000000000000000000000000000000000000000000,\x002001001f000000000000000000000000000000000000000000000000000000,\x000000000000000000000000000000000000000000000000000000000000002000000000000000000000000000000000000000000000000000000000000000010000000000000000000000000000000000000000000000000000000000000020000000000000000000000000000000000000000000000000000000000000000d736d6172744f626a656374496400000000000000000000000000000000000000,\x00000000000000000000000000000000000000000000000000000000000000200000000000000000000000000000000000000000000000000000000000000001000000000000000000000000000000000000000000000000000000000000002000000000000000000000000000000000000000000000000000000000000000077472696265496400000000000000000000000000000000000000000000000000,\x74624554435032494e5300000000000047617465416363657373000000000000,8343779
\x7462455443473132544132000000000047617465416363657373000000000000,\x0020010020000000000000000000000000000000000000000000000000000000,\x002001001f000000000000000000000000000000000000000000000000000000,\x002001001f000000000000000000000000000000000000000000000000000000,\x000000000000000000000000000000000000000000000000000000000000002000000000000000000000000000000000000000000000000000000000000000010000000000000000000000000000000000000000000000000000000000000020000000000000000000000000000000000000000000000000000000000000000d736d6172744f626a656374496400000000000000000000000000000000000000,\x00000000000000000000000000000000000000000000000000000000000000200000000000000000000000000000000000000000000000000000000000000001000000000000000000000000000000000000000000000000000000000000002000000000000000000000000000000000000000000000000000000000000000077472696265496400000000000000000000000000000000000000000000000000,\x7462455443473132544132000000000047617465416363657373000000000000,8343615
\x746245544356454e44494e4700000000526174696f436f6e6669670000000000,\x0030030020080800000000000000000000000000000000000000000000000000,\x004002001f1f0000000000000000000000000000000000000000000000000000,\x003003001f070700000000000000000000000000000000000000000000000000,\x0000000000000000000000000000000000000000000000000000000000000020000000000000000000000000000000000000000000000000000000000000000200000000000000000000000000000000000000000000000000000000000000400000000000000000000000000000000000000000000000000000000000000080000000000000000000000000000000000000000000000000000000000000000d736d6172744f626a65637449640000000000000000000000000000000000000000000000000000000000000000000000000000000000000000000000000000066974656d496e0000000000000000000000000000000000000000000000000000,\x00000000000000000000000000000000000000000000000000000000000000200000000000000000000000000000000000000000000000000000000000000003000000000000000000000000000000000000000000000000000000000000006000000000000000000000000000000000000000000000000000000000000000a000000000000000000000000000000000000000000000000000000000000000e000000000000000000000000000000000000000000000000000000000000000076974656d4f7574000000000000000000000000000000000000000000000000000000000000000000000000000000000000000000000000000000000000000007726174696f496e000000000000000000000000000000000000000000000000000000000000000000000000000000000000000000000000000000000000000008726174696f4f7574000000000000000000000000000000000000000000000000,\x746245544356454e44494e4700000000526174696f436f6e6669670000000000,8183953
\x74626a69616f00000000000000000000526174696f436f6e6669670000000000,\x0030030020080800000000000000000000000000000000000000000000000000,\x004002001f1f0000000000000000000000000000000000000000000000000000,\x003003001f070700000000000000000000000000000000000000000000000000,\x0000000000000000000000000000000000000000000000000000000000000020000000000000000000000000000000000000000000000000000000000000000200000000000000000000000000000000000000000000000000000000000000400000000000000000000000000000000000000000000000000000000000000080000000000000000000000000000000000000000000000000000000000000000d736d6172744f626a65637449640000000000000000000000000000000000000000000000000000000000000000000000000000000000000000000000000000066974656d496e0000000000000000000000000000000000000000000000000000,\x00000000000000000000000000000000000000000000000000000000000000200000000000000000000000000000000000000000000000000000000000000003000000000000000000000000000000000000000000000000000000000000006000000000000000000000000000000000000000000000000000000000000000a000000000000000000000000000000000000000000000000000000000000000e000000000000000000000000000000000000000000000000000000000000000076974656d4f7574000000000000000000000000000000000000000000000000000000000000000000000000000000000000000000000000000000000000000007726174696f496e000000000000000000000000000000000000000000000000000000000000000000000000000000000000000000000000000000000000000008726174696f4f7574000000000000000000000000000000000000000000000000,\x74626a69616f00000000000000000000526174696f436f6e6669670000000000,8181275
\x74626a69616f00000000000000000000547572726574416c6c6f776c69737400,\x0020010020000000000000000000000000000000000000000000000000000000,\x0000000000000000000000000000000000000000000000000000000000000000,\x002001001f000000000000000000000000000000000000000000000000000000,\x00000000000000000000000000000000000000000000000000000000000000200000000000000000000000000000000000000000000000000000000000000000,\x0000000000000000000000000000000000000000000000000000000000000020000000000000000000000000000000000000000000000000000000000000000100000000000000000000000000000000000000000000000000000000000000200000000000000000000000000000000000000000000000000000000000000006636f727049440000000000000000000000000000000000000000000000000000,\x74626a69616f00000000000000000000547572726574416c6c6f776c69737400,8152773
\x74626a69616f0000000000000000000047617465416363657373000000000000,\x0020010020000000000000000000000000000000000000000000000000000000,\x002001001f000000000000000000000000000000000000000000000000000000,\x002001001f000000000000000000000000000000000000000000000000000000,\x000000000000000000000000000000000000000000000000000000000000002000000000000000000000000000000000000000000000000000000000000000010000000000000000000000000000000000000000000000000000000000000020000000000000000000000000000000000000000000000000000000000000000d736d6172744f626a656374496400000000000000000000000000000000000000,\x00000000000000000000000000000000000000000000000000000000000000200000000000000000000000000000000000000000000000000000000000000001000000000000000000000000000000000000000000000000000000000000002000000000000000000000000000000000000000000000000000000000000000077472696265496400000000000000000000000000000000000000000000000000,\x74626a69616f0000000000000000000047617465416363657373000000000000,8152101
